{"cameraMode":{"drawMode":0,"name":"Shaded","section":"Shading Mode"},"sceneLighting":true,"audioPlay":false,"sceneViewState":{"showFog":true,"showMaterialUpdate":false,"showSkybox":true,"showFlares":true,"showImageEffects":true,"showParticleSystems":true},"in2DMode":false,"pivot":{"x":7.018723964691162,"y":-6.989828586578369,"z":-1.2151296138763428},"rotation":{"x":-0.11659829318523407,"y":-0.8703950643539429,"z":0.2482345700263977,"w":-0.4089339077472687},"size":12.920547485351563,"orthographic":false}